subscribed,last_active,channel,device,player_id,tags,country,language_code
Yes,2016-04-29 16:32:20.292449,Web Push (Safari),MacIntel Safari 9.1,0ccacb95-4aaa-4337-a275-5ca75f98af,{},UA,en
No,2018-04-23 21:50:45.395814,Web Push (Chrome),Linux armv8l 65,0f6b0a23-1b4e-48cc-b12c-9d406bcd0d,"{""posts-read"": ""73953"", ""read-tag-partnered"": ""1""}",RU,ru
No,2018-03-29 21:01:09.570577,Web Push (Chrome),Win32 65,0ca0311d-aa4f-45e7-9348-0913195af3,"{""posts-read"": ""7167,7901"", ""read-tag-cpp"": ""1"", ""view-tag-cpp"": ""18"", ""posts-visited"": ""7167,7901"", ""visit-tag-cpp"": ""1"", ""read-tag-crypto"": ""1"", ""view-tag-crypto"": ""1"", ""visit-tag-crypto"": ""1"", ""read-category-translations"": ""1"", ""read-tag-learn-programming"": ""1"", ""view-category-translations"": ""1"", ""view-tag-learn-programming"": ""18"", ""visit-category-translations"": ""1"", ""visit-tag-learn-programming"": ""1""}",RU,ru
Yes,2018-04-03 23:16:24.008510,Web Push (Chrome),Linux armv8l Chrome 65,0e36dcde-4e29-4109-a95c-c0f427a758,"{""posts-read"": ""70043,19648,57336"", ""read-tag-php"": ""1"", ""view-tag-php"": ""1"", ""posts-visited"": ""70043,19648,57336"", ""visit-tag-php"": ""1"", ""read-tag-ethereum"": ""1"", ""read-tag-hardware"": ""1"", ""view-tag-ethereum"": ""1"", ""view-tag-hardware"": ""1"", ""visit-tag-ethereum"": ""1"", ""visit-tag-hardware"": ""1""}",RU,ru
Yes,2018-05-19 16:37:30.414525,Web Push (Chrome),Win32 66,0e3f122c-4061-4f14-8cc9-07f23fdaa9,"{""posts-read"": ""77718"", ""read-tag-middle-problems"": ""1""}",JP,ru
No,2018-03-05 16:15:29.773988,Web Push (Chrome),Win32 18,027c8e13-613a-4d57-a023-d0c4268dc7,"{""posts-read"": ""63976,68826"", ""posts-visited"": ""63976,68826"", ""read-tag-gamedev"": ""1"", ""read-tag-windows"": ""1"", ""view-tag-gamedev"": ""1"", ""view-tag-windows"": ""1"", ""read-tag-security"": ""1"", ""view-tag-security"": ""1"", ""visit-tag-gamedev"": ""1"", ""visit-tag-windows"": ""1"", ""read-tag-microsoft"": ""1"", ""view-tag-microsoft"": ""1"", ""visit-tag-security"": ""1"", ""visit-tag-microsoft"": ""1""}",RU,ru
No,2018-02-07 09:52:24.091697,Web Push (Chrome),Win32 64,01f0b636-6088-44f5-8a64-c7135a5806,"{""posts-read"": ""58174"", ""view-tag-job"": ""1"", ""posts-visited"": ""50694,43829"", ""read-tag-python"": ""1"", ""view-tag-crypto"": ""1"", ""view-tag-python"": ""2"", ""visit-tag-crypto"": ""1"", ""visit-tag-python"": ""2"", ""view-tag-security"": ""1"", ""read-tag-microsoft"": ""1"", ""visit-tag-security"": ""1"", ""view-tag-for-advanced"": ""1"", ""view-tag-for-amateurs"": ""1"", ""view-tag-for-beginners"": ""1"", ""visit-tag-for-advanced"": ""1"", ""visit-tag-for-amateurs"": ""1"", ""visit-tag-for-beginners"": ""1"", ""view-tag-machine-learning"": ""1"", ""visit-tag-machine-learning"": ""1"", ""view-tag-programming-languages"": ""1""}",UZ,en
No,2018-05-19 23:01:00.245720,Web Push (Chrome),Linux armv8l 66,094caad8-3069-4b14-9674-44d8aedd32,"{""posts-read"": ""75939"", ""read-tag-neural-network"": ""1"", ""read-tag-machine-learning"": ""1""}",NL,ru
Yes,2018-03-27 20:12:20.923321,Web Push (Chrome),Win32 64,0d4dfb39-1eb4-4a92-8a3b-d3ebcae318,"{""posts-read"": ""47482"", ""posts-visited"": ""47482"", ""read-tag-javascript"": ""1"", ""view-tag-javascript"": ""2"", ""visit-tag-javascript"": ""1"", ""read-tag-for-amateurs"": ""1"", ""view-tag-for-amateurs"": ""2"", ""visit-tag-for-amateurs"": ""1""}",UA,ru
Yes,2018-05-19 18:12:30.480993,Web Push (Chrome),Win32 18,09325158-40bc-4d60-871d-95489911f5,{},RU,ru
Yes,2018-05-22 05:06:32.339367,Web Push (Chrome),Linux armv7l 66,0a9e47a8-7f29-4bd6-b204-6c2c3da662,"{""posts-read"": ""76918"", ""read-tag-cpp"": ""1""}",RU,ru
No,2018-02-08 21:50:47.257893,Web Push (Chrome),Linux armv7l 64,0a36bd04-5bf6-491a-8f22-5913fdefb9,"{""posts-read"": ""28507,33653,29831,17501"", ""read-tag-cpp"": ""1"", ""read-tag-job"": ""1"", ""view-tag-cpp"": ""1"", ""view-tag-job"": ""1"", ""posts-visited"": ""28507,33653,29831,17501"", ""visit-tag-cpp"": ""1"", ""visit-tag-job"": ""1"", ""read-tag-career"": ""1"", ""read-tag-skills"": ""1"", ""view-tag-career"": ""1"", ""view-tag-skills"": ""1"", ""visit-tag-career"": ""1"", ""visit-tag-skills"": ""1"", ""read-tag-partnered"": ""1"", ""view-tag-partnered"": ""2"", ""visit-tag-partnered"": ""1"", ""read-tag-brain-teasers"": ""1"", ""read-tag-for-beginners"": ""1"", ""read-tag-job-interview"": ""1"", ""view-tag-brain-teasers"": ""1"", ""view-tag-for-beginners"": ""2"", ""view-tag-job-interview"": ""1"", ""read-tag-stack-overflow"": ""1"", ""view-tag-stack-overflow"": ""1"", ""visit-tag-brain-teasers"": ""1"", ""visit-tag-for-beginners"": ""1"", ""visit-tag-job-interview"": ""1"", ""visit-tag-stack-overflow"": ""1""}",UA,ru
Yes,2018-07-05 17:03:23.124210,Web Push (Chrome),Win32 18,0bcb6345-0a97-4bfe-875d-9fe0043d81,{},RU,ru
No,2018-04-03 23:39:25.720073,Web Push (Chrome),Linux aarch64 65,069da13b-7044-43c0-9cf4-686687ca43,"{""view-tag-job"": ""1"", ""posts-visited"": ""26756"", ""visit-tag-job"": ""1"", ""view-tag-job-interview"": ""1"", ""visit-tag-job-interview"": ""1""}",UA,ru
No,2018-05-22 05:10:15.885051,Web Push (Chrome),Win32 66,028779ed-4556-4f63-9c4e-c08c7e3fca,{},RU,ru
Yes,2018-03-26 16:15:03.314023,Web Push (Chrome),Linux armv7l 65,08432cf7-7223-48a8-9a17-6a77bb1416,{},UA,ru
Yes,2018-05-22 05:16:29.272908,Web Push (Chrome),Win32 52,01454397-1560-4f4f-be50-e591aaafe8,{},UZ,ru
Yes,2018-07-13 16:15:41.537537,Web Push (Chrome),Win32 67,03f31cf1-5ab4-4870-b5ed-d7332ee783,"{""posts-read"": ""6082,28018,28507,33512"", ""read-tag-ide"": ""1"", ""view-tag-cpp"": ""1"", ""view-tag-ide"": ""8"", ""posts-visited"": ""28018,28507,9562,33512"", ""visit-tag-cpp"": ""1"", ""visit-tag-ide"": ""1"", ""read-tag-tools"": ""1"", ""view-tag-tools"": ""8"", ""read-tag-regexp"": ""1"", ""view-tag-regexp"": ""1"", ""visit-tag-tools"": ""1"", ""read-tag-testing"": ""1"", ""visit-tag-regexp"": ""1"", ""read-tag-partnered"": ""1"", ""view-tag-partnered"": ""1"", ""view-tag-algorithms"": ""1"", ""visit-tag-partnered"": ""1"", ""read-tag-cheatsheets"": ""1"", ""view-tag-cheatsheets"": ""8"", ""visit-tag-algorithms"": ""1"", ""read-tag-for-amateurs"": ""1"", ""view-tag-optimization"": ""1"", ""visit-tag-cheatsheets"": ""1"", ""read-tag-for-beginners"": ""3"", ""view-tag-brain-teasers"": ""1"", ""view-tag-for-beginners"": ""10"", ""view-tag-job-interview"": ""1"", ""visit-tag-optimization"": ""1"", ""visit-tag-brain-teasers"": ""1"", ""visit-tag-for-beginners"": ""3"", ""visit-tag-job-interview"": ""1"", ""view-tag-expert-problems"": ""1"", ""view-tag-middle-problems"": ""1"", ""view-tag-bit-manipulation"": ""1"", ""visit-tag-expert-problems"": ""1"", ""visit-tag-middle-problems"": ""1"", ""read-tag-learn-programming"": ""1"", ""view-tag-learn-programming"": ""1"", ""view-tag-stacks-and-queues"": ""1"", ""visit-tag-bit-manipulation"": ""1"", ""visit-tag-learn-programming"": ""1"", ""visit-tag-stacks-and-queues"": ""1"", ""view-tag-math-and-probability"": ""1"", ""view-tag-sorting-and-searching"": ""1"", ""visit-tag-math-and-probability"": ""1"", ""visit-tag-sorting-and-searching"": ""1"", ""view-tag-recursion-and-dynamic-programming"": ""1"", ""visit-tag-recursion-and-dynamic-programming"": ""1""}",RU,ru
Yes,2019-03-06 06:25:01.000000,Web Push (Chrome),Win32 72,01e9e7b6-519f-4ee7-8885-d5ddcb0e57,"{""view-tag-diy"": ""2"", ""posts-visited"": ""16515,14781"", ""view-tag-java"": ""2"", ""visit-tag-diy"": ""2"", ""visit-tag-java"": ""2"", ""view-tag-gamedev"": ""2"", ""visit-tag-gamedev"": ""2"", ""view-category-articles"": ""2"", ""visit-category-articles"": ""2"", ""view-tag-learn-programming"": ""2"", ""view-tag-simple-java-games"": ""2"", ""visit-tag-learn-programming"": ""2"", ""visit-tag-simple-java-games"": ""2""}",RU,ru
Yes,2019-03-06 18:55:04.000000,Web Push (Chrome),MacIntel 71,0341c2de-b94b-4c04-a4ec-d320111b49,{},US,en
Yes,2018-05-22 05:56:13.034724,Web Push (Chrome),Win32 52,038d3b18-0071-4f0f-9f51-365c246375,"{""posts-visited"": ""31063"", ""view-tag-python"": ""1"", ""visit-tag-python"": ""1"", ""view-tag-for-beginners"": ""1"", ""visit-tag-for-beginners"": ""1"", ""view-tag-learn-programming"": ""1"", ""visit-tag-learn-programming"": ""1""}",RU,ru
Yes,2018-03-05 20:48:18.525418,Web Push (Chrome),Win32 18,0268929b-277f-4cb3-9934-4e9c186afa,"{""posts-read"": ""13289,28507"", ""posts-visited"": ""28507"", ""read-tag-partnered"": ""1"", ""view-tag-partnered"": ""1"", ""visit-tag-partnered"": ""1"", ""read-tag-for-beginners"": ""1"", ""view-tag-for-beginners"": ""1"", ""visit-tag-for-beginners"": ""1"", ""read-tag-learn-programming"": ""1""}",KZ,ru
Yes,2017-04-21 20:12:23.200937,Web Push (Chrome),Linux x86_64 Chrome 58.0,0a5497fe-c43d-4e14-91e8-fa69018d64,"{""posts-read"": ""9851"", ""view-tag-cpp"": ""1"", ""posts-visited"": ""9562,9851"", ""visit-tag-cpp"": ""1"", ""view-tag-algorithms"": ""1"", ""visit-tag-algorithms"": ""1"", ""view-tag-optimization"": ""1"", ""read-tag-brain-teasers"": ""1"", ""view-tag-brain-teasers"": ""2"", ""view-tag-job-interview"": ""1"", ""visit-tag-optimization"": ""1"", ""visit-tag-brain-teasers"": ""2"", ""visit-tag-job-interview"": ""1"", ""view-tag-expert-problems"": ""1"", ""view-tag-middle-problems"": ""1"", ""view-tag-bit-manipulation"": ""1"", ""visit-tag-expert-problems"": ""1"", ""visit-tag-middle-problems"": ""1"", ""view-tag-stacks-and-queues"": ""1"", ""visit-tag-bit-manipulation"": ""1"", ""visit-tag-stacks-and-queues"": ""1"", ""view-tag-math-and-probability"": ""1"", ""view-tag-sorting-and-searching"": ""1"", ""visit-tag-math-and-probability"": ""1"", ""visit-tag-sorting-and-searching"": ""1"", ""view-tag-recursion-and-dynamic-programming"": ""1"", ""visit-tag-recursion-and-dynamic-programming"": ""1""}",RU,en
Yes,2018-03-25 07:52:41.819336,Web Push (Chrome),Win32 65,05c075db-8b39-41b7-9934-dd15269694,"{""posts-read"": ""28941,29318,56869,59612,35101,28507,17456,28308,11579,16816,65667,65888,52405,6766"", ""read-tag-css"": ""1"", ""read-tag-php"": ""2"", ""read-tag-sql"": ""1"", ""view-tag-css"": ""1"", ""view-tag-diy"": ""5"", ""view-tag-php"": ""6"", ""view-tag-sql"": ""1"", ""posts-visited"": ""38701,28941,29318,56869,59612,35101,17456,28308,28507,59471,11579,16816,65667,65888,52405,6766"", ""view-tag-bots"": ""5"", ""visit-tag-css"": ""1"", ""visit-tag-diy"": ""1"", ""visit-tag-php"": ""2"", ""visit-tag-sql"": ""1"", ""visit-tag-bots"": ""1"", ""read-tag-crypto"": ""1"", ""read-tag-gitlab"": ""1"", ""read-tag-jquery"": ""1"", ""view-tag-crypto"": ""5"", ""view-tag-gitlab"": ""1"", ""view-tag-jquery"": ""1"", ""view-tag-python"": ""5"", ""read-tag-advices"": ""1"", ""view-tag-advices"": ""1"", ""visit-tag-crypto"": ""1"", ""visit-tag-gitlab"": ""1"", ""visit-tag-jquery"": ""1"", ""visit-tag-python"": ""1"", ""read-tag-ethereum"": ""1"", ""read-tag-internet"": ""1"", ""read-tag-security"": ""3"", ""view-tag-ethereum"": ""5"", ""view-tag-internet"": ""2"", ""view-tag-security"": ""12"", ""visit-tag-advices"": ""1"", ""read-tag-partnered"": ""1"", ""view-tag-partnered"": ""1"", ""visit-tag-ethereum"": ""1"", ""visit-tag-internet"": ""1"", ""visit-tag-security"": ""3"", ""read-tag-blockchain"": ""1"", ""view-tag-blockchain"": ""5"", ""visit-tag-partnered"": ""1"", ""read-tag-cheatsheets"": ""1"", ""view-tag-cheatsheets"": ""1"", ""visit-tag-blockchain"": ""1"", ""visit-tag-cheatsheets"": ""1"", ""read-tag-brain-teasers"": ""3"", ""read-tag-for-beginners"": ""3"", ""read-tag-job-interview"": ""1"", ""view-tag-brain-teasers"": ""23"", ""view-tag-for-beginners"": ""7"", ""view-tag-job-interview"": ""1"", ""visit-tag-brain-teasers"": ""3"", ""visit-tag-for-beginners"": ""3"", ""visit-tag-job-interview"": ""1"", ""read-tag-middle-problems"": ""1"", ""view-tag-middle-problems"": ""5"", ""visit-tag-middle-problems"": ""2"", ""read-tag-learn-programming"": ""1"", ""view-tag-learn-programming"": ""1"", ""visit-tag-learn-programming"": ""1""}",RU,ru
Yes,2017-11-24 20:55:37.930098,Web Push (Chrome),Win32 62,05d66e0d-e7b2-432a-9094-596ec6aa48,"{""posts-read"": ""28540,50670,23478,50748,42457,51341,51292,24978,52793,53246,54868,55008,55002,54952,53423"", ""view-tag-ai"": ""1"", ""read-tag-253"": ""1"", ""read-tag-css"": ""1"", ""read-tag-ide"": ""1"", ""read-tag-php"": ""1"", ""read-tag-sql"": ""1"", ""read-tag-vpn"": ""1"", ""read-tag-web"": ""7"", ""view-tag-253"": ""1"", ""view-tag-css"": ""1"", ""view-tag-diy"": ""1"", ""view-tag-ide"": ""1"", ""view-tag-php"": ""2"", ""view-tag-sql"": ""2"", ""view-tag-vpn"": ""1"", ""view-tag-web"": ""13"", ""visit-tag-ai"": ""1"", ""posts-visited"": ""28540,50670,23478,50748,42457,42226,40205,37778,51341,51302,51292,52097,24978,52793,53246,54868,55008,55002,54952,53423"", ""read-tag-html"": ""1"", ""view-tag-html"": ""1"", ""visit-tag-253"": ""1"", ""visit-tag-css"": ""1"", ""visit-tag-diy"": ""1"", ""visit-tag-ide"": ""1"", ""visit-tag-php"": ""1"", ""visit-tag-sql"": ""1"", ""visit-tag-vpn"": ""1"", ""visit-tag-web"": ""9"", ""read-tag-linux"": ""1"", ""read-tag-opera"": ""1"", ""read-tag-tools"": ""1"", ""view-tag-linux"": ""1"", ""view-tag-opera"": ""1"", ""view-tag-tools"": ""1"", ""view-tag-unity"": ""1"", ""visit-tag-html"": ""1"", ""read-tag-github"": ""1"", ""read-tag-google"": ""2"", ""view-tag-github"": ""2"", ""view-tag-google"": ""3"", ""visit-tag-linux"": ""1"", ""visit-tag-opera"": ""1"", ""visit-tag-tools"": ""1"", ""visit-tag-unity"": ""1"", ""read-tag-advices"": ""1"", ""read-tag-android"": ""2"", ""read-tag-firefox"": ""1"", ""view-tag-advices"": ""3"", ""view-tag-android"": ""2"", ""view-tag-firefox"": ""1"", ""view-tag-gamedev"": ""1"", ""view-tag-node-js"": ""1"", ""visit-tag-github"": ""1"", ""visit-tag-google"": ""3"", ""read-tag-browsers"": ""1"", ""read-tag-telegram"": ""1"", ""view-tag-browsers"": ""1"", ""view-tag-telegram"": ""1"", ""visit-tag-advices"": ""1"", ""visit-tag-android"": ""2"", ""visit-tag-firefox"": ""1"", ""visit-tag-gamedev"": ""1"", ""visit-tag-node-js"": ""1"", ""read-tag-microsoft"": ""1"", ""read-tag-mobiledev"": ""1"", ""view-tag-microsoft"": ""1"", ""view-tag-mobiledev"": ""1"", ""visit-tag-browsers"": ""1"", ""visit-tag-telegram"": ""1"", ""read-tag-javascript"": ""1"", ""view-tag-javascript"": ""5"", ""visit-tag-microsoft"": ""1"", ""visit-tag-mobiledev"": ""1"", ""view-tag-cheatsheets"": ""1"", ""visit-tag-javascript"": ""4"", ""read-tag-for-advanced"": ""1"", ""read-tag-for-amateurs"": ""1"", ""view-tag-for-advanced"": ""2"", ""view-tag-for-amateurs"": ""3"", ""visit-tag-cheatsheets"": ""1"", ""read-tag-best-practice"": ""1"", ""read-tag-for-beginners"": ""3"", ""read-tag-google-chrome"": ""1"", ""view-tag-best-practice"": ""1"", ""view-tag-for-beginners"": ""6"", ""view-tag-google-chrome"": ""1"", ""visit-tag-for-advanced"": ""1"", ""visit-tag-for-amateurs"": ""2"", ""read-tag-dev-organising"": ""1"", ""view-tag-dev-organising"": ""2"", ""visit-tag-best-practice"": ""1"", ""visit-tag-for-beginners"": ""3"", ""visit-tag-google-chrome"": ""1"", ""read-tag-ms-connect-2017"": ""1"", ""view-tag-ms-connect-2017"": ""1"", ""view-tag-virtual-reality"": ""1"", ""visit-tag-dev-organising"": ""1"", ""read-tag-machine-learning"": ""1"", ""view-tag-machine-learning"": ""1"", ""visit-tag-ms-connect-2017"": ""1"", ""visit-tag-virtual-reality"": ""1"", ""read-tag-learn-programming"": ""1"", ""view-tag-learn-programming"": ""2"", ""visit-tag-machine-learning"": ""1"", ""visit-tag-learn-programming"": ""1"", ""read-tag-interface-design-ux"": ""1"", ""view-tag-interface-design-ux"": ""3"", ""visit-tag-interface-design-ux"": ""1""}",UA,ru
Yes,2018-03-24 18:56:47.917979,Web Push (Chrome),Win32 58,0e6c6a1f-a445-411a-91d3-52ba0ff003,"{""posts-read"": ""16276,16730,43149,51642,18020,16515"", ""read-tag-diy"": ""2"", ""view-tag-diy"": ""2"", ""posts-visited"": ""16730,43149,51642,18020,16515"", ""read-tag-java"": ""3"", ""view-tag-java"": ""3"", ""visit-tag-diy"": ""2"", ""read-tag-games"": ""1"", ""visit-tag-java"": ""3"", ""read-tag-skills"": ""1"", ""view-tag-skills"": ""1"", ""read-tag-gamedev"": ""2"", ""view-tag-gamedev"": ""2"", ""visit-tag-skills"": ""1"", ""visit-tag-gamedev"": ""2"", ""read-tag-internship"": ""1"", ""view-tag-internship"": ""1"", ""visit-tag-internship"": ""1"", ""read-tag-for-beginners"": ""1"", ""read-tag-for-motivation"": ""1"", ""view-tag-for-motivation"": ""1"", ""visit-tag-for-motivation"": ""1"", ""read-tag-learn-programming"": ""4"", ""read-tag-simple-java-games"": ""2"", ""view-tag-learn-programming"": ""3"", ""view-tag-simple-java-games"": ""2"", ""visit-tag-learn-programming"": ""3"", ""visit-tag-simple-java-games"": ""2""}",TJ,ru
No,2017-11-21 13:59:11.212665,Web Push (Chrome),Linux armv8l 62,087dea51-94a0-4bb7-bbbf-22b9e2c235,"{""posts-read"": ""28507"", ""posts-visited"": ""55345"", ""view-tag-linux"": ""2"", ""view-tag-python"": ""2"", ""visit-tag-linux"": ""1"", ""visit-tag-python"": ""1"", ""read-tag-partnered"": ""1"", ""view-tag-for-amateurs"": ""2"", ""read-tag-for-beginners"": ""1"", ""visit-tag-for-amateurs"": ""1""}",RU,ru
No,2017-10-25 20:01:04.969203,Web Push (Chrome),Win32 61,015b53ed-8824-46f8-96d3-bf035e7707,"{""posts-read"": ""53207,8778,7167,21567,25947,60224"", ""read-tag-cpp"": ""2"", ""read-tag-ide"": ""1"", ""view-tag-cpp"": ""4"", ""view-tag-ide"": ""1"", ""view-tag-oop"": ""4"", ""posts-visited"": ""14075,27823,53207,8778,36946,7167,21567,8389,25947,15306,60224"", ""read-tag-java"": ""1"", ""view-tag-java"": ""2"", ""visit-tag-cpp"": ""4"", ""visit-tag-ide"": ""1"", ""visit-tag-oop"": ""2"", ""visit-tag-java"": ""1"", ""read-tag-google"": ""1"", ""view-tag-google"": ""1"", ""read-tag-android"": ""1"", ""read-tag-gamedev"": ""1"", ""view-tag-android"": ""1"", ""view-tag-c-sharp"": ""3"", ""view-tag-courses"": ""1"", ""view-tag-gamedev"": ""1"", ""visit-tag-google"": ""1"", ""visit-tag-android"": ""1"", ""visit-tag-c-sharp"": ""1"", ""visit-tag-courses"": ""1"", ""visit-tag-gamedev"": ""1"", ""read-tag-microsoft"": ""1"", ""read-tag-mobiledev"": ""1"", ""view-tag-microsoft"": ""2"", ""view-tag-mobiledev"": ""1"", ""read-tag-javascript"": ""1"", ""view-tag-algorithms"": ""6"", ""view-tag-javascript"": ""1"", ""visit-tag-microsoft"": ""1"", ""visit-tag-mobiledev"": ""1"", ""view-tag-oop-c-sharp"": ""3"", ""visit-tag-algorithms"": ""1"", ""visit-tag-javascript"": ""1"", ""visit-tag-oop-c-sharp"": ""1"", ""view-tag-for-beginners"": ""11"", ""visit-tag-for-beginners"": ""4"", ""read-tag-learn-programming"": ""2"", ""view-tag-learn-programming"": ""7"", ""visit-tag-learn-programming"": ""2"", ""read-tag-programming-concepts"": ""1"", ""view-tag-programming-concepts"": ""6"", ""view-tag-programming-languages"": ""1"", ""visit-tag-programming-concepts"": ""1"", ""view-tag-algos-and-data-structs"": ""6"", ""visit-tag-programming-languages"": ""1"", ""visit-tag-algos-and-data-structs"": ""1""}",RU,ru
No,2017-08-31 14:15:16.633959,Web Push (Chrome),Win32 Chrome 60,054b6d27-3b1e-41db-9495-89e9b1f561,"{""view-tag-games"": ""1"", ""view-tag-guest"": ""1"", ""view-tag-google"": ""1"", ""view-tag-advices"": ""1"", ""view-tag-security"": ""1"", ""view-tag-for-beginners"": ""1"", ""view-tag-for-motivation"": ""1""}",RU,ru
No,2017-10-30 19:54:22.057661,Web Push (Chrome),Win32 62,0702620b-5a09-4d8c-a2f4-17c5506f9a,"{""posts-read"": ""34989,43149,30265,18020"", ""read-tag-diy"": ""1"", ""view-tag-diy"": ""1"", ""view-tag-php"": ""1"", ""posts-visited"": ""34989,45963,43149,7809,30265,28286,26618,18020,12641,13451"", ""read-tag-java"": ""3"", ""read-tag-perl"": ""1"", ""read-tag-ruby"": ""1"", ""view-tag-java"": ""8"", ""view-tag-perl"": ""1"", ""view-tag-ruby"": ""2"", ""visit-tag-diy"": ""1"", ""visit-tag-php"": ""1"", ""read-tag-guest"": ""1"", ""view-tag-guest"": ""1"", ""visit-tag-java"": ""8"", ""visit-tag-perl"": ""1"", ""visit-tag-ruby"": ""2"", ""read-tag-python"": ""1"", ""view-tag-python"": ""2"", ""visit-tag-guest"": ""1"", ""read-tag-gamedev"": ""1"", ""view-tag-gamedev"": ""1"", ""visit-tag-python"": ""2"", ""visit-tag-gamedev"": ""1"", ""read-tag-good-hack"": ""1"", ""view-tag-good-hack"": ""1"", ""view-tag-javascript"": ""1"", ""visit-tag-good-hack"": ""1"", ""view-tag-cheatsheets"": ""1"", ""visit-tag-javascript"": ""1"", ""view-tag-for-advanced"": ""1"", ""view-tag-for-amateurs"": ""1"", ""visit-tag-cheatsheets"": ""1"", ""read-tag-for-beginners"": ""1"", ""view-tag-for-beginners"": ""3"", ""visit-tag-for-advanced"": ""1"", ""visit-tag-for-amateurs"": ""1"", ""read-tag-for-motivation"": ""1"", ""view-tag-for-motivation"": ""1"", ""visit-tag-for-beginners"": ""3"", ""visit-tag-for-motivation"": ""1"", ""read-tag-learn-programming"": ""1"", ""read-tag-simple-java-games"": ""1"", ""view-tag-learn-programming"": ""2"", ""view-tag-simple-java-games"": ""1"", ""visit-tag-learn-programming"": ""2"", ""visit-tag-simple-java-games"": ""1"", ""view-tag-programming-concepts"": ""1"", ""view-tag-programming-languages"": ""1"", ""visit-tag-programming-concepts"": ""1"", ""visit-tag-programming-languages"": ""1""}",UA,ru
No,2017-10-22 13:46:50.022801,Web Push (Chrome),Win32 61,0ad4e7a7-d620-4a06-9b6c-a18c7618ee,"{""posts-read"": ""10471"", ""read-tag-compilers"": ""1""}",RU,ru
No,2017-10-06 17:01:59.517610,Web Push (Firefox),Win32 56,0cb921ba-b69b-4bc7-9bd7-8d0d0e3352,"{""posts-read"": ""29318,28941,51297"", ""view-tag-php"": ""2"", ""posts-visited"": ""29318,28941,598,29101,37368,51297,55506"", ""visit-tag-php"": ""1"", ""view-tag-google"": ""1"", ""visit-tag-google"": ""1"", ""view-tag-security"": ""1"", ""view-tag-good-hack"": ""1"", ""visit-tag-security"": ""1"", ""visit-tag-good-hack"": ""1"", ""view-tag-for-amateurs"": ""2"", ""read-tag-brain-teasers"": ""2"", ""view-tag-brain-teasers"": ""2"", ""view-tag-job-interview"": ""1"", ""visit-tag-for-amateurs"": ""1"", ""visit-tag-brain-teasers"": ""2"", ""visit-tag-job-interview"": ""1"", ""view-tag-design-patterns"": ""2"", ""view-tag-expert-problems"": ""1"", ""view-tag-middle-problems"": ""1"", ""visit-tag-design-patterns"": ""1"", ""visit-tag-expert-problems"": ""1"", ""visit-tag-middle-problems"": ""1"", ""read-tag-programming-languages"": ""1"", ""view-tag-programming-languages"": ""1"", ""visit-tag-programming-languages"": ""1"", ""view-tag-design-patterns-simple-words"": ""2"", ""visit-tag-design-patterns-simple-words"": ""1""}",BY,ru
No,2017-11-02 11:40:31.469835,Web Push (Chrome),Linux armv7l 61,0cc4bea1-8ca5-4222-8ac3-bcc876d836,"{""posts-read"": ""50965,53704"", ""read-tag-ai"": ""1"", ""view-tag-ai"": ""1"", ""visit-tag-ai"": ""1"", ""posts-visited"": ""50965,51297,53704"", ""read-tag-google"": ""1"", ""view-tag-google"": ""1"", ""visit-tag-google"": ""1"", ""view-tag-browsers"": ""1"", ""view-tag-security"": ""1"", ""read-tag-neural-network"": ""1"", ""view-tag-neural-network"": ""1"", ""visit-tag-neural-network"": ""1"", ""read-tag-machine-learning"": ""1"", ""view-tag-machine-learning"": ""1"", ""visit-tag-machine-learning"": ""1"", ""view-tag-programming-languages"": ""1"", ""visit-tag-programming-languages"": ""1""}",RU,ru
Yes,2017-09-21 23:00:48.871248,Web Push (Chrome),Win32 47,030930e8-e1ac-4c7e-8016-8ab061b8b7,"{""posts-read"": ""55010,52405,22679"", ""read-tag-ide"": ""1"", ""read-tag-php"": ""1"", ""read-tag-web"": ""1"", ""view-tag-ide"": ""1"", ""view-tag-php"": ""18"", ""view-tag-web"": ""2"", ""posts-visited"": ""55010,52405,22679"", ""visit-tag-ide"": ""1"", ""visit-tag-php"": ""1"", ""visit-tag-web"": ""1"", ""read-tag-guest"": ""1"", ""view-tag-guest"": ""2"", ""visit-tag-guest"": ""1"", ""read-tag-microsoft"": ""1"", ""view-tag-microsoft"": ""1"", ""visit-tag-microsoft"": ""1"", ""read-tag-for-beginners"": ""2"", ""view-tag-for-beginners"": ""20"", ""visit-tag-for-beginners"": ""2"", ""read-tag-ms-connect-2017"": ""1"", ""view-tag-ms-connect-2017"": ""1"", ""read-tag-machine-learning"": ""1"", ""view-tag-machine-learning"": ""1"", ""visit-tag-ms-connect-2017"": ""1"", ""visit-tag-machine-learning"": ""1""}",UA,ru
Yes,2017-11-30 15:55:03.312133,Web Push (Chrome),Win32 62,03d78ddb-8ac5-4d72-b373-2f330bbc8b,"{""posts-read"": ""56277"", ""read-tag-253"": ""1"", ""view-tag-253"": ""1"", ""posts-visited"": ""56277"", ""visit-tag-253"": ""1"", ""read-tag-security"": ""1"", ""view-tag-security"": ""1"", ""visit-tag-security"": ""1"", ""read-tag-social-networks"": ""1"", ""view-tag-social-networks"": ""1"", ""visit-tag-social-networks"": ""1""}",RU,ru
No,2017-11-17 05:59:04.012194,Web Push (Chrome),Linux x86_64 55,048fadbb-00fd-4aa6-a9a0-1273ad913e,"{""posts-read"": ""7323"", ""read-tag-cpp"": ""1"", ""view-tag-cpp"": ""13"", ""posts-visited"": ""7323"", ""visit-tag-cpp"": ""1"", ""read-tag-mobiledev"": ""1"", ""view-tag-mobiledev"": ""13"", ""visit-tag-mobiledev"": ""1""}",RU,en
No,2017-11-27 07:04:55.639853,Web Push (Chrome),MacIntel Chrome 62,088d1758-20d8-493c-9bcb-786cbc08fa,"{""posts-read"": ""52837,52436,30699"", ""read-tag-css"": ""2"", ""read-tag-web"": ""2"", ""view-tag-css"": ""2"", ""view-tag-web"": ""3"", ""posts-visited"": ""52837,52436,30699"", ""read-tag-html"": ""2"", ""view-tag-html"": ""2"", ""visit-tag-css"": ""2"", ""visit-tag-web"": ""2"", ""visit-tag-html"": ""2"", ""read-tag-github"": ""1"", ""view-tag-github"": ""1"", ""visit-tag-github"": ""1"", ""view-tag-hardware"": ""1"", ""view-tag-good-hack"": ""1"", ""read-tag-javascript"": ""2"", ""read-tag-veb-dizajn"": ""2"", ""view-tag-javascript"": ""4"", ""view-tag-veb-dizajn"": ""2"", ""visit-tag-javascript"": ""2"", ""visit-tag-veb-dizajn"": ""2"", ""read-tag-for-amateurs"": ""2"", ""view-tag-for-amateurs"": ""2"", ""view-tag-brain-teasers"": ""1"", ""visit-tag-for-amateurs"": ""2"", ""view-tag-project-management"": ""1"", ""read-tag-programming-languages"": ""1"", ""view-tag-programming-languages"": ""2"", ""visit-tag-programming-languages"": ""1""}",TH,ru
No,2017-11-15 15:51:09.690454,Web Push (Chrome),Win32 61,0fa81180-9d18-4f90-a0be-c800ebf76a,"{""posts-read"": ""54888"", ""read-tag-firefox"": ""1"", ""read-tag-browsers"": ""1""}",UA,en
Yes,2017-11-25 09:25:08.034885,Web Push (Chrome),Win32 Chrome 62,083ddf14-d3ee-4f90-9cb0-3ee935dc5c,"{""posts-read"": ""52436,55002,29831,9597,22241,9866"", ""read-tag-cpp"": ""1"", ""read-tag-css"": ""1"", ""read-tag-job"": ""1"", ""read-tag-web"": ""1"", ""view-tag-cpp"": ""2"", ""view-tag-css"": ""5"", ""view-tag-job"": ""1"", ""view-tag-web"": ""5"", ""posts-visited"": ""28507,52579,52436,55002,29831,9597,22241,9562,9866"", ""read-tag-html"": ""1"", ""view-tag-html"": ""5"", ""visit-tag-cpp"": ""2"", ""visit-tag-css"": ""1"", ""visit-tag-job"": ""1"", ""visit-tag-web"": ""1"", ""visit-tag-html"": ""1"", ""read-tag-career"": ""1"", ""read-tag-github"": ""1"", ""read-tag-skills"": ""1"", ""view-tag-career"": ""1"", ""view-tag-github"": ""1"", ""view-tag-skills"": ""1"", ""visit-tag-career"": ""1"", ""visit-tag-github"": ""1"", ""visit-tag-skills"": ""1"", ""view-tag-partnered"": ""1"", ""read-tag-javascript"": ""1"", ""read-tag-veb-dizajn"": ""1"", ""view-tag-algorithms"": ""1"", ""view-tag-javascript"": ""6"", ""view-tag-veb-dizajn"": ""5"", ""visit-tag-partnered"": ""1"", ""visit-tag-algorithms"": ""1"", ""visit-tag-javascript"": ""2"", ""visit-tag-veb-dizajn"": ""1"", ""read-tag-for-amateurs"": ""1"", ""view-tag-for-amateurs"": ""5"", ""view-tag-optimization"": ""1"", ""read-tag-brain-teasers"": ""3"", ""read-tag-job-interview"": ""1"", ""view-tag-brain-teasers"": ""4"", ""view-tag-for-beginners"": ""2"", ""view-tag-job-interview"": ""2"", ""visit-tag-for-amateurs"": ""1"", ""visit-tag-optimization"": ""1"", ""read-tag-dev-organising"": ""1"", ""view-tag-dev-organising"": ""1"", ""view-tag-stack-overflow"": ""1"", ""visit-tag-brain-teasers"": ""4"", ""visit-tag-for-beginners"": ""2"", ""visit-tag-job-interview"": ""2"", ""read-tag-middle-problems"": ""1"", ""view-tag-expert-problems"": ""1"", ""view-tag-middle-problems"": ""2"", ""visit-tag-dev-organising"": ""1"", ""view-tag-bit-manipulation"": ""1"", ""visit-tag-expert-problems"": ""1"", ""visit-tag-middle-problems"": ""2"", ""view-tag-stacks-and-queues"": ""1"", ""visit-tag-bit-manipulation"": ""1"", ""visit-tag-stacks-and-queues"": ""1"", ""view-tag-math-and-probability"": ""1"", ""view-tag-programming-languages"": ""1"", ""view-tag-sorting-and-searching"": ""1"", ""visit-tag-math-and-probability"": ""1"", ""visit-tag-sorting-and-searching"": ""1"", ""view-tag-recursion-and-dynamic-programming"": ""1"", ""visit-tag-recursion-and-dynamic-programming"": ""1""}",UA,en
No,2017-11-30 16:49:03.153141,Web Push (Chrome),Linux x86_64 61,0515ed70-c912-42f9-9363-eaab717c51,"{""posts-read"": ""16276,56277"", ""read-tag-253"": ""1"", ""view-tag-253"": ""1"", ""posts-visited"": ""16276,56277"", ""visit-tag-253"": ""1"", ""read-tag-games"": ""1"", ""view-tag-games"": ""2"", ""visit-tag-games"": ""1"", ""read-tag-security"": ""1"", ""view-tag-security"": ""1"", ""visit-tag-security"": ""1"", ""read-tag-for-beginners"": ""1"", ""view-tag-for-beginners"": ""2"", ""visit-tag-for-beginners"": ""1"", ""read-tag-social-networks"": ""1"", ""view-tag-social-networks"": ""1"", ""visit-tag-social-networks"": ""1"", ""read-tag-learn-programming"": ""1"", ""view-tag-learn-programming"": ""2"", ""visit-tag-learn-programming"": ""1""}",UA,ru
No,2017-11-04 10:37:32.372228,Web Push (Firefox),Linux armv7l 57,0530a3b0-571d-42ec-ba1c-1f25938e92,"{""posts-read"": ""28507"", ""posts-visited"": ""28507,45315"", ""view-tag-python"": ""1"", ""view-tag-android"": ""1"", ""view-tag-gamedev"": ""1"", ""visit-tag-python"": ""1"", ""visit-tag-android"": ""1"", ""visit-tag-gamedev"": ""1"", ""read-tag-partnered"": ""1"", ""view-tag-mobiledev"": ""1"", ""view-tag-partnered"": ""2"", ""visit-tag-mobiledev"": ""1"", ""visit-tag-partnered"": ""1"", ""read-tag-for-beginners"": ""1"", ""view-tag-for-beginners"": ""3"", ""visit-tag-for-beginners"": ""2"", ""view-tag-programming-languages"": ""1"", ""visit-tag-programming-languages"": ""1""}",RU,ru
Yes,2017-11-25 15:42:49.020507,Web Push (Chrome),Win32 Chrome 62,0d042a83-d842-4613-9389-b5d53ddc3b,"{""posts-read"": ""48933,50530,50316,7113"", ""read-tag-db"": ""1"", ""view-tag-db"": ""1"", ""read-tag-253"": ""2"", ""read-tag-seo"": ""1"", ""read-tag-web"": ""1"", ""view-tag-253"": ""2"", ""view-tag-ios"": ""3"", ""view-tag-seo"": ""4"", ""view-tag-web"": ""5"", ""visit-tag-db"": ""1"", ""posts-visited"": ""48973,49189,30058,48933,50530,50316,7113,53539,53929,37306"", ""read-tag-html"": ""1"", ""view-tag-html"": ""4"", ""visit-tag-253"": ""2"", ""visit-tag-ios"": ""2"", ""visit-tag-seo"": ""1"", ""visit-tag-web"": ""2"", ""read-tag-mysql"": ""1"", ""view-tag-apple"": ""2"", ""view-tag-linux"": ""2"", ""view-tag-mysql"": ""1"", ""view-tag-swift"": ""2"", ""view-tag-tools"": ""1"", ""visit-tag-html"": ""1"", ""visit-tag-apple"": ""2"", ""visit-tag-linux"": ""1"", ""visit-tag-mysql"": ""1"", ""visit-tag-swift"": ""2"", ""visit-tag-tools"": ""1"", ""view-tag-android"": ""1"", ""view-tag-bitcoin"": ""1"", ""view-tag-courses"": ""2"", ""view-tag-windows"": ""1"", ""read-tag-telegram"": ""2"", ""view-tag-security"": ""1"", ""view-tag-telegram"": ""2"", ""view-tag-mobiledev"": ""1"", ""visit-tag-telegram"": ""2"", ""view-tag-code-style"": ""1"", ""view-tag-javascript"": ""1"", ""visit-tag-mobiledev"": ""1"", ""view-tag-cheatsheets"": ""1"", ""visit-tag-javascript"": ""1"", ""visit-tag-cheatsheets"": ""1"", ""read-tag-for-beginners"": ""1"", ""view-tag-for-beginners"": ""4"", ""view-tag-google-chrome"": ""1"", ""view-tag-success-story"": ""2"", ""visit-tag-for-beginners"": ""1"", ""visit-tag-google-chrome"": ""1"", ""read-tag-learn-programming"": ""1"", ""view-tag-learn-programming"": ""3"", ""visit-tag-learn-programming"": ""1""}",RU,ru
No,2017-11-08 17:20:01.601157,Web Push (Chrome),Win32 62,05698f0c-3dc5-4522-b6ac-64ecd7a2c4,"{""posts-read"": ""16309,37881,52579"", ""read-tag-css"": ""1"", ""read-tag-web"": ""2"", ""view-tag-css"": ""2"", ""view-tag-web"": ""2"", ""posts-visited"": ""48302,37881,52579"", ""visit-tag-css"": ""2"", ""visit-tag-web"": ""2"", ""read-tag-javascript"": ""2"", ""view-tag-javascript"": ""2"", ""visit-tag-javascript"": ""1"", ""read-tag-for-beginners"": ""3"", ""view-tag-for-beginners"": ""4"", ""visit-tag-for-beginners"": ""3"", ""read-tag-learn-programming"": ""1"", ""view-tag-learn-programming"": ""1"", ""visit-tag-learn-programming"": ""1""}",UA,ru
Yes,2017-09-26 18:48:06.067543,Web Push (Chrome),Linux x86_64 49,0cf8a698-719e-4387-afbd-2676750243,"{""posts-read"": ""49083,52793,52839"", ""view-tag-css"": ""1"", ""view-tag-diy"": ""1"", ""view-tag-web"": ""1"", ""posts-visited"": ""49499,49083,52793,52639,52436,52839,52538,43510"", ""read-tag-java"": ""1"", ""view-tag-bots"": ""1"", ""view-tag-html"": ""1"", ""view-tag-java"": ""1"", ""visit-tag-css"": ""1"", ""visit-tag-diy"": ""1"", ""visit-tag-web"": ""1"", ""read-tag-linux"": ""1"", ""view-tag-linux"": ""2"", ""view-tag-opera"": ""1"", ""view-tag-tools"": ""1"", ""visit-tag-bots"": ""1"", ""visit-tag-html"": ""1"", ""visit-tag-java"": ""1"", ""read-tag-google"": ""1"", ""read-tag-kotlin"": ""1"", ""view-tag-google"": ""1"", ""view-tag-kotlin"": ""1"", ""view-tag-python"": ""1"", ""visit-tag-linux"": ""2"", ""visit-tag-opera"": ""1"", ""visit-tag-tools"": ""1"", ""read-tag-android"": ""2"", ""view-tag-android"": ""2"", ""view-tag-samsung"": ""1"", ""visit-tag-google"": ""1"", ""visit-tag-kotlin"": ""1"", ""visit-tag-python"": ""1"", ""view-tag-browsers"": ""1"", ""visit-tag-android"": ""2"", ""visit-tag-samsung"": ""1"", ""visit-tag-browsers"": ""1"", ""view-tag-javascript"": ""1"", ""view-tag-veb-dizajn"": ""1"", ""visit-tag-javascript"": ""1"", ""visit-tag-veb-dizajn"": ""1"", ""view-tag-for-amateurs"": ""2"", ""read-tag-best-practice"": ""1"", ""view-tag-best-practice"": ""1"", ""visit-tag-for-amateurs"": ""2"", ""visit-tag-best-practice"": ""1"", ""view-tag-virtual-reality"": ""1"", ""visit-tag-virtual-reality"": ""1"", ""view-tag-interface-design-ux"": ""1"", ""visit-tag-interface-design-ux"": ""1""}",NL,ru
No,2017-10-29 20:10:11.438265,Web Push (Chrome),Win32 Yandex Browser 17,0184c557-3018-4bc6-9e5b-232e2479b6,"{""posts-read"": ""49144,19732,53424"", ""view-tag-cpp"": ""1"", ""view-tag-web"": ""10"", ""posts-visited"": ""49144,19732,53424"", ""view-tag-google"": ""12"", ""view-tag-yandex"": ""1"", ""view-tag-android"": ""10"", ""view-tag-courses"": ""1"", ""view-tag-browsers"": ""1"", ""view-tag-security"": ""1"", ""view-tag-mobiledev"": ""10"", ""read-tag-algorithms"": ""1"", ""view-tag-algorithms"": ""3"", ""visit-tag-algorithms"": ""1"", ""read-tag-visualization"": ""1"", ""view-tag-for-beginners"": ""1"", ""view-tag-success-story"": ""1"", ""view-tag-visualization"": ""3"", ""read-tag-stack-overflow"": ""2"", ""view-tag-neural-network"": ""2"", ""view-tag-stack-overflow"": ""3"", ""visit-tag-visualization"": ""1"", ""visit-tag-stack-overflow"": ""2"", ""view-tag-machine-learning"": ""12"", ""view-tag-learn-programming"": ""11"", ""view-tag-programming-languages"": ""2""}",RU,ru
Yes,2017-12-30 04:04:34.586843,Web Push (Chrome),Linux x86_64 63,0417ea59-0a07-43d8-9d29-a072ab4968,"{""posts-read"": ""54115,54657"", ""view-tag-cpp"": ""1"", ""posts-visited"": ""54115,54291,54657,56869,60854,68678"", ""visit-tag-cpp"": ""1"", ""read-tag-intel"": ""1"", ""view-tag-intel"": ""2"", ""view-tag-wi-fi"": ""2"", ""view-tag-crypto"": ""1"", ""view-tag-robots"": ""3"", ""visit-tag-intel"": ""2"", ""visit-tag-wi-fi"": ""1"", ""visit-tag-crypto"": ""1"", ""read-tag-hardware"": ""1"", ""view-tag-ethereum"": ""1"", ""view-tag-hardware"": ""3"", ""visit-tag-ethereum"": ""1"", ""visit-tag-hardware"": ""2"", ""view-tag-blockchain"": ""1"", ""view-tag-open-source"": ""1"", ""visit-tag-blockchain"": ""1"", ""visit-tag-open-source"": ""1"", ""view-tag-neural-network"": ""1"", ""visit-tag-neural-network"": ""1"", ""view-tag-machine-learning"": ""1"", ""visit-tag-machine-learning"": ""1"", ""read-tag-programming-languages"": ""1"", ""view-tag-programming-languages"": ""1"", ""visit-tag-programming-languages"": ""1""}",UZ,en
No,2018-01-15 15:21:47.156704,Web Push (Chrome),Linux armv7l 52,0dab4f3d-cde0-436c-9529-d61032ca39,"{""posts-read"": ""8460,59273"", ""posts-visited"": ""59273"", ""read-tag-best-practice"": ""1"", ""view-tag-best-practice"": ""1"", ""read-tag-for-motivation"": ""2"", ""view-tag-for-motivation"": ""1"", ""visit-tag-best-practice"": ""1"", ""visit-tag-for-motivation"": ""1"", ""read-tag-learn-programming"": ""1""}",RU,en
Yes,2017-11-30 19:04:38.717726,Web Push (Chrome),Win32 Chrome 62,07c9d9f9-a78c-4082-a634-0ad16808d2,"{""posts-read"": ""56277"", ""read-tag-253"": ""1"", ""view-tag-253"": ""1"", ""view-tag-oop"": ""1"", ""posts-visited"": ""14075,56277"", ""visit-tag-253"": ""1"", ""visit-tag-oop"": ""1"", ""view-tag-agile"": ""1"", ""view-tag-linux"": ""1"", ""view-tag-tools"": ""1"", ""view-tag-google"": ""2"", ""view-tag-c-sharp"": ""3"", ""view-tag-courses"": ""1"", ""read-tag-security"": ""1"", ""view-tag-browsers"": ""1"", ""view-tag-facebook"": ""1"", ""view-tag-security"": ""1"", ""visit-tag-c-sharp"": ""1"", ""visit-tag-security"": ""1"", ""view-tag-javascript"": ""1"", ""view-tag-oop-c-sharp"": ""1"", ""visit-tag-oop-c-sharp"": ""1"", ""view-tag-best-practice"": ""1"", ""view-tag-for-beginners"": ""2"", ""view-tag-google-chrome"": ""1"", ""visit-tag-for-beginners"": ""1"", ""read-tag-social-networks"": ""1"", ""view-tag-social-networks"": ""1"", ""visit-tag-social-networks"": ""1"", ""view-tag-learn-programming"": ""1"", ""view-tag-command-line-tools"": ""1"", ""view-tag-software-development"": ""1""}",RU,ru
No,2017-10-17 12:19:27.298564,Web Push (Chrome),Win32 61,0653caed-a579-4ad3-862a-f9effe3bc3,"{""posts-visited"": ""52368"", ""view-tag-wi-fi"": ""1"", ""visit-tag-wi-fi"": ""1"", ""view-tag-security"": ""1"", ""visit-tag-security"": ""1""}",RU,en
No,2017-12-02 16:26:06.221305,Web Push (Chrome),Win32 62,003b2058-3e8b-4002-aad7-b60c9d0ec4,"{""posts-read"": ""7323,3795"", ""read-tag-cpp"": ""1"", ""view-tag-cpp"": ""1"", ""posts-visited"": ""7323,3795"", ""visit-tag-cpp"": ""1"", ""view-tag-bitcoin"": ""1"", ""read-tag-mobiledev"": ""1"", ""view-tag-mobiledev"": ""1"", ""visit-tag-mobiledev"": ""1"", ""read-tag-for-beginners"": ""1"", ""view-tag-for-beginners"": ""1"", ""visit-tag-for-beginners"": ""1"", ""view-tag-learn-programming"": ""1"", ""view-tag-programming-languages"": ""1""}",UA,ru
No,2017-08-31 14:20:58.613928,Web Push (Chrome),Linux x86_64 Chrome 60,0795928e-667e-4912-b99b-d750a512f4,"{""view-tag-internet"": ""1"", ""view-tag-job-interview"": ""1""}",RU,en
No,2017-11-30 06:46:47.814266,Web Push (Chrome),Win32 Chrome 62,04918445-222a-422d-9ee0-896a3e340c,"{""posts-read"": ""16309,53423"", ""read-tag-web"": ""2"", ""view-tag-web"": ""2"", ""posts-visited"": ""16309,53423,55724"", ""visit-tag-web"": ""2"", ""read-tag-tools"": ""1"", ""view-tag-tools"": ""1"", ""view-tag-skills"": ""1"", ""visit-tag-tools"": ""1"", ""visit-tag-skills"": ""1"", ""read-tag-javascript"": ""1"", ""view-tag-javascript"": ""1"", ""visit-tag-javascript"": ""1"", ""read-tag-for-beginners"": ""1"", ""view-tag-for-beginners"": ""1"", ""visit-tag-for-beginners"": ""1""}",RU,en
No,2018-02-09 18:31:17.732281,Web Push (Chrome),Win32 64,02d8cb4f-d9d1-461c-a720-f344112b90,"{""posts-read"": ""62233"", ""read-tag-programming-languages"": ""1""}",UA,ru
No,2017-05-02 15:05:38.670279,Web Push (Chrome),Win32 Chrome 49.0,022dddf0-87bb-42e0-ae77-9cb9195b13,"{""posts-read"": ""49083"", ""posts-visited"": ""49083"", ""read-tag-android"": ""1"", ""view-tag-android"": ""1"", ""visit-tag-android"": ""1"", ""read-tag-best-practice"": ""1"", ""view-tag-best-practice"": ""1"", ""visit-tag-best-practice"": ""1""}",DE,ru
Yes,2017-11-08 16:25:55.620257,Web Push (Chrome),Linux armv8l 61,06bef8d8-5ce4-4d39-a3fc-2e4d255e51,"{""view-tag-ai"": ""1"", ""visit-tag-ai"": ""1"", ""posts-visited"": ""54163"", ""view-tag-machine-learning"": ""1"", ""visit-tag-machine-learning"": ""1""}",RU,ru
Yes,2017-12-26 14:47:06.040780,Web Push (Chrome),Linux aarch64 17,0512ae0f-95d0-4e69-9d72-1eafaefb8a,"{""posts-read"": ""52579,56015,49032,58164"", ""view-tag-231"": ""1"", ""posts-visited"": ""41097,52579,56015,49032,56172,58164,57293,57938"", ""visit-tag-231"": ""1"", ""read-tag-google"": ""2"", ""view-tag-google"": ""2"", ""view-tag-kotlin"": ""11"", ""view-tag-yandex"": ""1"", ""view-tag-android"": ""11"", ""visit-tag-google"": ""2"", ""visit-tag-kotlin"": ""1"", ""visit-tag-yandex"": ""1"", ""read-tag-internet"": ""1"", ""view-tag-internet"": ""1"", ""visit-tag-android"": ""1"", ""view-tag-mobiledev"": ""11"", ""view-tag-partnered"": ""2"", ""visit-tag-internet"": ""1"", ""read-tag-javascript"": ""1"", ""view-tag-javascript"": ""1"", ""visit-tag-mobiledev"": ""1"", ""visit-tag-partnered"": ""1"", ""read-tag-open-source"": ""2"", ""view-tag-open-source"": ""2"", ""visit-tag-javascript"": ""1"", ""visit-tag-open-source"": ""2"", ""read-tag-for-beginners"": ""1"", ""view-tag-for-beginners"": ""12"", ""visit-tag-for-beginners"": ""2"", ""read-tag-learn-programming"": ""2"", ""view-tag-learn-programming"": ""2"", ""visit-tag-learn-programming"": ""2""}",UA,ru
No,2017-10-30 15:57:36.073973,Web Push (Chrome),Win32 61,065f2b3f-750b-465d-afa1-85d7d39766,"{""posts-read"": ""5278"", ""read-tag-for-beginners"": ""1""}",UA,ru
No,2017-05-29 04:08:38.481972,Web Push (Firefox),Win32 Firefox 53.0,098f2945-78ec-4759-aa36-26d63c341f,"{""posts-visited"": ""10471"", ""view-tag-compilers"": ""1"", ""visit-tag-compilers"": ""1""}",UA,ru
No,2016-07-28 06:34:21.309541,Web Push (Chrome),Win32 Chrome 57.0,0f1d1c5e-6596-4b97-8899-f0b6e1635a,"{""view-tag-career"": ""1"", ""view-tag-skills"": ""1"", ""view-tag-advices"": ""1"", ""view-tag-c-sharp"": ""1"", ""view-tag-for-beginners"": ""1""}",MD,en
Yes,2018-01-31 05:03:44.744825,Web Push (Chrome),Win32 64,0576e67d-d6fc-42f9-8a19-b21fc3e7a6,"{""posts-read"": ""6785"", ""posts-visited"": ""6785"", ""read-tag-python"": ""1"", ""read-tag-regexp"": ""1"", ""view-tag-python"": ""12"", ""view-tag-regexp"": ""12"", ""read-tag-parsing"": ""1"", ""view-tag-parsing"": ""12"", ""visit-tag-python"": ""1"", ""visit-tag-regexp"": ""1"", ""visit-tag-parsing"": ""1"", ""read-tag-for-beginners"": ""1"", ""view-tag-for-beginners"": ""12"", ""visit-tag-for-beginners"": ""1""}",RU,ru
Yes,2017-10-05 12:58:27.292530,Web Push (Chrome),Win32 61,033b5a8d-5bbb-4e38-87a2-c59a04c85f,"{""posts-read"": ""19768"", ""read-tag-diy"": ""1"", ""read-tag-web"": ""1"", ""read-tag-javascript"": ""1"", ""read-tag-google-chrome"": ""1""}",RU,ru
Yes,2018-03-05 09:22:12.718370,Web Push (Chrome),Win32 18,0e9bec8d-d265-4058-82cc-df48bc180a,"{""posts-read"": ""54303,35085"", ""read-tag-css"": ""1"", ""read-tag-web"": ""1"", ""view-tag-css"": ""1"", ""view-tag-web"": ""2"", ""posts-visited"": ""54303,35085,12235"", ""read-tag-html"": ""1"", ""view-tag-html"": ""2"", ""visit-tag-css"": ""1"", ""visit-tag-web"": ""1"", ""visit-tag-html"": ""1"", ""read-tag-google"": ""1"", ""view-tag-google"": ""1"", ""visit-tag-google"": ""1"", ""read-tag-javascript"": ""1"", ""view-tag-javascript"": ""1"", ""visit-tag-javascript"": ""1"", ""read-tag-for-amateurs"": ""1"", ""view-tag-for-amateurs"": ""1"", ""view-tag-best-practice"": ""1"", ""view-tag-for-beginners"": ""2"", ""visit-tag-for-amateurs"": ""1"", ""visit-tag-best-practice"": ""1"", ""visit-tag-for-beginners"": ""1"", ""read-tag-machine-learning"": ""1"", ""view-tag-machine-learning"": ""1"", ""view-tag-learn-programming"": ""1"", ""visit-tag-machine-learning"": ""1"", ""visit-tag-learn-programming"": ""1""}",BY,ru
No,2017-08-26 17:13:09.489003,Web Push (Chrome),Win32 60,0a7ae266-95a9-4978-93d2-8001bdd3d6,"{""view-tag-go"": ""3"", ""view-tag-web"": ""3"", ""visit-tag-go"": ""1"", ""posts-visited"": ""46667"", ""visit-tag-web"": ""1"", ""view-tag-for-beginners"": ""3"", ""visit-tag-for-beginners"": ""1""}",RU,ru
No,2016-11-12 15:34:07.758993,Web Push (Chrome),Linux armv7l Yandex Browser 17.4,01543888-cfab-4404-a225-b3b994bac0,"{""posts-visited"": ""48351"", ""view-tag-code-style"": ""2"", ""visit-tag-code-style"": ""1"", ""view-tag-for-beginners"": ""2"", ""visit-tag-for-beginners"": ""1""}",RU,en
No,2017-10-06 15:11:49.808542,Web Push (Chrome),Win32 61,05a9ef90-7358-4a98-b207-c58f332f8e,"{""view-tag-ios"": ""1"", ""posts-visited"": ""51828"", ""visit-tag-ios"": ""1"", ""view-tag-android"": ""1"", ""view-tag-telegram"": ""1"", ""visit-tag-android"": ""1"", ""visit-tag-telegram"": ""1""}",RU,ru
No,2018-02-25 14:49:13.483205,Web Push (Chrome),Win32 63,07666d5e-d1dd-4518-a9b8-8d8b077094,"{""posts-visited"": ""28721"", ""view-tag-courses"": ""1"", ""visit-tag-courses"": ""1"", ""view-tag-c-language"": ""1"", ""visit-tag-c-language"": ""1"", ""view-tag-for-beginners"": ""1"", ""visit-tag-for-beginners"": ""1"", ""view-tag-learn-programming"": ""1"", ""visit-tag-learn-programming"": ""1""}",BY,en
Yes,2017-12-04 10:34:14.603514,Web Push (Chrome),Linux armv8l 17,0996f354-a482-4ff3-bb52-165ab91891,"{""posts-read"": ""48000,56569,56374"", ""read-tag-ios"": ""1"", ""view-tag-cpp"": ""1"", ""view-tag-ide"": ""1"", ""view-tag-ios"": ""1"", ""posts-visited"": ""48000,56529,56679,56569,56374"", ""visit-tag-cpp"": ""1"", ""visit-tag-ide"": ""1"", ""visit-tag-ios"": ""1"", ""read-tag-android"": ""1"", ""read-tag-windows"": ""1"", ""view-tag-android"": ""1"", ""view-tag-windows"": ""2"", ""read-tag-browsers"": ""1"", ""read-tag-hardware"": ""1"", ""read-tag-security"": ""1"", ""view-tag-browsers"": ""1"", ""view-tag-security"": ""1"", ""visit-tag-android"": ""1"", ""visit-tag-windows"": ""2"", ""read-tag-microsoft"": ""2"", ""view-tag-microsoft"": ""3"", ""visit-tag-browsers"": ""1"", ""visit-tag-hardware"": ""1"", ""visit-tag-security"": ""1"", ""view-tag-c-language"": ""1"", ""visit-tag-microsoft"": ""3"", ""visit-tag-c-language"": ""1""}",RU,ru
Yes,2017-10-04 18:46:25.449487,Web Push (Chrome),Linux armv7l Chrome 61,0da24348-4014-48f0-bdf7-39c3394afb,"{""posts-read"": ""51093"", ""view-tag-r"": ""1"", ""read-tag-231"": ""1"", ""view-tag-231"": ""1"", ""view-tag-cpp"": ""7"", ""posts-visited"": ""51093"", ""visit-tag-231"": ""1"", ""view-tag-python"": ""1"", ""view-tag-courses"": ""1"", ""view-tag-hardware"": ""2"", ""view-tag-for-beginners"": ""2"", ""view-tag-success-story"": ""1"", ""view-tag-stack-overflow"": ""1"", ""view-tag-learn-programming"": ""1"", ""view-tag-programming-languages"": ""3""}",RU,ru
No,2017-04-08 09:43:15.965972,Web Push (Chrome),Win32 Chrome 57.0,054a95ad-b472-4755-b9c8-69d7f071e0,"{""posts-read"": ""24855"", ""posts-visited"": ""24855"", ""read-tag-games"": ""1"", ""view-tag-games"": ""1"", ""read-tag-google"": ""1"", ""view-tag-google"": ""1"", ""visit-tag-games"": ""1"", ""visit-tag-google"": ""1"", ""read-tag-security"": ""1"", ""view-tag-security"": ""1"", ""visit-tag-security"": ""1""}",RU,ru
No,2018-03-13 07:13:47.310159,Web Push (Firefox),Linux armv7l 59,0a0e81e0-9577-43bd-a0db-c9b5feb93c,"{""posts-read"": ""66537,66602,69715,40634"", ""read-tag-ai"": ""2"", ""view-tag-ai"": ""2"", ""read-tag-231"": ""1"", ""view-tag-ide"": ""1"", ""view-tag-web"": ""1"", ""visit-tag-ai"": ""2"", ""posts-visited"": ""66602,67511,69715,40634"", ""visit-tag-ide"": ""1"", ""visit-tag-web"": ""1"", ""read-tag-mining"": ""1"", ""view-tag-mining"": ""1"", ""visit-tag-mining"": ""1"", ""view-tag-internet"": ""1"", ""visit-tag-internet"": ""1"", ""read-tag-cryptocurrency"": ""1"", ""read-tag-neural-network"": ""1"", ""view-tag-cryptocurrency"": ""1"", ""view-tag-neural-network"": ""1"", ""visit-tag-cryptocurrency"": ""1"", ""visit-tag-neural-network"": ""1"", ""read-tag-machine-learning"": ""1"", ""view-tag-machine-learning"": ""1"", ""visit-tag-machine-learning"": ""1""}",UZ,ru
No,2017-10-22 07:29:16.399341,Web Push (Chrome),Win32 17,062abda1-0e3a-4d6c-8128-02b063baa5,"{""posts-visited"": ""6467"", ""view-tag-java"": ""1"", ""visit-tag-java"": ""1"", ""view-tag-for-beginners"": ""1"", ""visit-tag-for-beginners"": ""1""}",RU,ru
Yes,2017-07-30 21:34:18.355241,Web Push (Chrome),Win32 Opera 46.0,0fa68e0b-359f-4ef0-b179-0a92a028cd,"{""posts-visited"": ""33020"", ""view-tag-java"": ""1"", ""visit-tag-java"": ""1""}",UA,ru
Yes,2018-08-03 14:08:54.000000,Web Push (Chrome),Linux armv7l 67,041e1aeb-a5e0-47ad-b0d9-1695270752,"{""posts-read"": ""86032"", ""posts-visited"": ""86032,86896"", ""read-tag-tools"": ""1"", ""view-tag-tools"": ""1"", ""read-tag-python"": ""1"", ""view-tag-python"": ""2"", ""visit-tag-tools"": ""1"", ""visit-tag-python"": ""2"", ""view-tag-programming-languages"": ""1"", ""visit-tag-programming-languages"": ""1""}",DE,ru
Yes,2017-10-05 07:36:36.159886,Web Push (Chrome),Win32 Chrome 61,0f34029b-ea79-4372-a03a-e97cdfa3fd,"{""posts-read"": ""51093"", ""read-tag-231"": ""1"", ""view-tag-231"": ""1"", ""posts-visited"": ""51093"", ""visit-tag-231"": ""1"", ""view-tag-courses"": ""1"", ""view-tag-big-data"": ""1""}",RU,ru
Yes,2018-05-22 07:16:42.212397,Web Push (Edge),Win32 17,0e896878-40a4-4296-850e-2d03758b47,"{""posts-read"": ""41097"", ""read-tag-kotlin"": ""1"", ""read-tag-android"": ""1"", ""read-tag-mobiledev"": ""1"", ""read-tag-for-beginners"": ""1""}",RU,ru
Yes,2017-09-10 08:31:46.281305,Web Push (Chrome),Win32 Chrome 60,02f62b6b-c163-4da5-9309-275a208c3e,"{""view-tag-cpp"": ""2"", ""view-tag-bitcoin"": ""1"", ""view-tag-c-sharp"": ""1"", ""view-tag-algorithms"": ""1"", ""view-tag-optimization"": ""1"", ""view-tag-brain-teasers"": ""1"", ""view-tag-job-interview"": ""1"", ""view-tag-expert-problems"": ""1"", ""view-tag-middle-problems"": ""1"", ""view-tag-bit-manipulation"": ""1"", ""view-tag-stacks-and-queues"": ""1"", ""view-tag-math-and-probability"": ""1"", ""view-tag-sorting-and-searching"": ""1"", ""view-tag-recursion-and-dynamic-programming"": ""1""}",RU,ru
No,2017-03-22 12:08:07.778959,Web Push (Firefox),Win32 Firefox 51.0,03995ade-a2ec-4172-a2eb-c4ff66d51e,"{""posts-read"": ""13415"", ""read-tag-git"": ""1"", ""view-tag-git"": ""1"", ""posts-visited"": ""13415"", ""visit-tag-git"": ""1"", ""read-tag-tools"": ""1"", ""view-tag-tools"": ""1"", ""visit-tag-tools"": ""1""}",UA,uk
No,2019-02-07 00:06:38.000000,Web Push (Chrome),Win32 71,0c2a9294-aa15-41f0-9861-87f86f18b6,"{""posts-visited"": ""99517"", ""view-category-experts"": ""1"", ""view-tag-for-beginners"": ""1"", ""visit-category-experts"": ""1"", ""visit-tag-for-beginners"": ""1"", ""view-tag-programming-languages"": ""1"", ""visit-tag-programming-languages"": ""1""}",RU,en
No,2017-02-15 15:26:28.106980,Web Push (Chrome),Win32 Chrome 59.0,0d79d443-b858-49e1-ba25-89b8595cc9,"{""posts-read"": ""48942,45527,49288,48933,49455,50288,50530,50795,50811,50944,50958,51093,49444,51297,51700,51863,51956,51583,51995,53621,53736,53704,54219"", ""read-tag-ai"": ""4"", ""view-tag-ai"": ""9"", ""read-tag-231"": ""2"", ""read-tag-253"": ""2"", ""read-tag-ibm"": ""1"", ""read-tag-seo"": ""1"", ""read-tag-web"": ""1"", ""view-tag-231"": ""3"", ""view-tag-253"": ""3"", ""view-tag-css"": ""1"", ""view-tag-ibm"": ""1"", ""view-tag-ide"": ""1"", ""view-tag-seo"": ""1"", ""view-tag-vpn"": ""1"", ""view-tag-web"": ""3"", ""visit-tag-ai"": ""6"", ""posts-visited"": ""48942,45527,46135,49314,49336,49288,48933,49455,50288,50469,50530,50795,50811,50944,50958,51093,49444,51292,51297,51602,51700,51863,51956,51583,51995,52355,52505,52436,53207,53312,53372,53621,53736,53704,54219,54484"", ""read-tag-bots"": ""1"", ""read-tag-html"": ""1"", ""read-tag-java"": ""2"", ""view-tag-bots"": ""1"", ""view-tag-html"": ""2"", ""view-tag-java"": ""10"", ""visit-tag-231"": ""3"", ""visit-tag-253"": ""3"", ""visit-tag-css"": ""1"", ""visit-tag-ibm"": ""1"", ""visit-tag-ide"": ""1"", ""visit-tag-seo"": ""1"", ""visit-tag-vpn"": ""1"", ""visit-tag-web"": ""3"", ""read-tag-cloud"": ""1"", ""read-tag-intel"": ""1"", ""read-tag-tools"": ""1"", ""view-tag-cloud"": ""1"", ""view-tag-games"": ""1"", ""view-tag-intel"": ""1"", ""view-tag-opera"": ""1"", ""view-tag-tools"": ""3"", ""visit-tag-bots"": ""1"", ""visit-tag-html"": ""2"", ""visit-tag-java"": ""2"", ""read-tag-github"": ""1"", ""read-tag-robots"": ""1"", ""read-tag-yandex"": ""1"", ""view-tag-crypto"": ""1"", ""view-tag-github"": ""2"", ""view-tag-google"": ""4"", ""view-tag-robots"": ""2"", ""view-tag-yandex"": ""2"", ""visit-tag-cloud"": ""1"", ""visit-tag-intel"": ""1"", ""visit-tag-opera"": ""1"", ""visit-tag-tools"": ""2"", ""read-tag-courses"": ""1"", ""view-tag-android"": ""1"", ""view-tag-bitcoin"": ""3"", ""view-tag-courses"": ""8"", ""view-tag-samsung"": ""1"", ""visit-tag-crypto"": ""1"", ""visit-tag-github"": ""2"", ""visit-tag-google"": ""3"", ""visit-tag-robots"": ""2"", ""visit-tag-yandex"": ""1"", ""read-tag-ethereum"": ""1"", ""read-tag-hardware"": ""2"", ""read-tag-internet"": ""1"", ""read-tag-security"": ""3"", ""read-tag-telegram"": ""2"", ""view-tag-browsers"": ""1"", ""view-tag-ethereum"": ""2"", ""view-tag-hardware"": ""3"", ""view-tag-internet"": ""1"", ""view-tag-security"": ""5"", ""view-tag-telegram"": ""2"", ""visit-tag-android"": ""1"", ""visit-tag-bitcoin"": ""1"", ""visit-tag-courses"": ""2"", ""visit-tag-samsung"": ""1"", ""view-tag-autopilot"": ""1"", ""view-tag-microsoft"": ""1"", ""view-tag-mobiledev"": ""1"", ""visit-tag-browsers"": ""1"", ""visit-tag-ethereum"": ""1"", ""visit-tag-hardware"": ""2"", ""visit-tag-internet"": ""1"", ""visit-tag-security"": ""4"", ""visit-tag-telegram"": ""2"", ""read-tag-blockchain"": ""1"", ""view-tag-algorithms"": ""9"", ""view-tag-blockchain"": ""4"", ""view-tag-javascript"": ""1"", ""view-tag-veb-dizajn"": ""1"", ""visit-tag-autopilot"": ""1"", ""visit-tag-microsoft"": ""1"", ""visit-tag-mobiledev"": ""1"", ""view-tag-recognition"": ""2"", ""visit-tag-algorithms"": ""1"", ""visit-tag-blockchain"": ""1"", ""visit-tag-javascript"": ""1"", ""visit-tag-veb-dizajn"": ""1"", ""read-tag-raspberry-pi"": ""1"", ""view-tag-for-amateurs"": ""1"", ""view-tag-raspberry-pi"": ""1"", ""read-tag-for-beginners"": ""2"", ""view-tag-for-beginners"": ""10"", ""view-tag-visualization"": ""9"", ""visit-tag-for-amateurs"": ""1"", ""visit-tag-raspberry-pi"": ""1"", ""read-tag-neural-network"": ""1"", ""view-tag-dev-organising"": ""2"", ""view-tag-neural-network"": ""1"", ""visit-tag-for-beginners"": ""2"", ""visit-tag-visualization"": ""1"", ""read-tag-computer-vision"": ""1"", ""view-tag-computer-vision"": ""1"", ""view-tag-virtual-reality"": ""1"", ""visit-tag-dev-organising"": ""1"", ""visit-tag-neural-network"": ""1"", ""read-tag-machine-learning"": ""2"", ""view-tag-machine-learning"": ""4"", ""visit-tag-computer-vision"": ""1"", ""view-tag-network-protocols"": ""1"", ""visit-tag-machine-learning"": ""2"", ""view-tag-command-line-tools"": ""1"", ""visit-tag-command-line-tools"": ""1"", ""read-tag-math-and-probability"": ""1"", ""view-tag-math-and-probability"": ""7"", ""view-tag-software-development"": ""1"", ""read-tag-programming-languages"": ""1"", ""view-tag-programming-languages"": ""1"", ""visit-tag-math-and-probability"": ""1"", ""visit-tag-programming-languages"": ""1""}",RU,en
No,2017-05-25 18:18:33.118751,Web Push (Chrome),Win32 Chrome 49.0,09b48bb0-8b83-4ab4-876e-ca90965ab1,"{""posts-read"": ""7113,6277,21593"", ""read-tag-db"": ""1"", ""view-tag-db"": ""2"", ""visit-tag-db"": ""1"", ""posts-visited"": ""7113,6277,21593,21624"", ""read-tag-java"": ""2"", ""view-tag-java"": ""4"", ""read-tag-mysql"": ""1"", ""view-tag-mysql"": ""2"", ""visit-tag-java"": ""3"", ""visit-tag-mysql"": ""1"", ""read-tag-for-beginners"": ""1"", ""view-tag-for-beginners"": ""2"", ""read-tag-multithreading"": ""1"", ""view-tag-multithreading"": ""2"", ""visit-tag-for-beginners"": ""1"", ""visit-tag-multithreading"": ""2"", ""read-tag-learn-programming"": ""1"", ""read-tag-threads-and-locks"": ""1"", ""view-tag-learn-programming"": ""2"", ""view-tag-threads-and-locks"": ""1"", ""visit-tag-learn-programming"": ""1"", ""visit-tag-threads-and-locks"": ""1""}",UA,ru
No,2017-05-30 19:28:28.513035,Web Push (Chrome),Win32 Chrome 58.0,01f19185-5a27-4747-9bfb-8b306c28fb,"{""posts-read"": ""47482"", ""posts-visited"": ""47482"", ""read-tag-javascript"": ""1"", ""view-tag-javascript"": ""1"", ""visit-tag-javascript"": ""1"", ""read-tag-for-beginners"": ""1"", ""view-tag-for-beginners"": ""1"", ""visit-tag-for-beginners"": ""1""}",BY,ru
Yes,2017-08-24 05:49:17.907870,Web Push (Chrome),Linux x86_64 Chromium 60,08381893-1503-4520-afe2-b5eba96ee4,"{""posts-read"": ""439"", ""read-tag-cpp"": ""1"", ""view-tag-cpp"": ""1"", ""posts-visited"": ""439"", ""visit-tag-cpp"": ""1"", ""view-tag-python"": ""1"", ""view-tag-middle-problems"": ""1""}",RU,ru
Yes,2018-01-22 10:16:40.398809,Web Push (Chrome),Linux x86_64 63,02566c94-d4b4-4b43-91d0-dee31f003e,"{""posts-visited"": ""60834"", ""view-tag-virtual-reality"": ""2"", ""visit-tag-virtual-reality"": ""1""}",RU,ru
No,2017-11-04 13:08:35.548703,Web Push (Chrome),Linux x86_64 60,007d927f-d41f-496e-a350-2747c9ed52,"{""posts-read"": ""7809"", ""posts-visited"": ""7809"", ""read-tag-for-beginners"": ""1"", ""view-tag-for-beginners"": ""2"", ""visit-tag-for-beginners"": ""1"", ""read-tag-learn-programming"": ""1"", ""view-tag-learn-programming"": ""2"", ""visit-tag-learn-programming"": ""1""}",RU,en
No,2017-03-10 07:16:49.109861,Web Push (Chrome),Win32 Chrome 56.0,067b8b67-cd2c-4245-93de-5d64ee7efb,"{""view-tag-web"": ""1"", ""posts-visited"": ""6785"", ""view-tag-python"": ""1"", ""view-tag-regexp"": ""1"", ""view-tag-parsing"": ""1"", ""visit-tag-python"": ""1"", ""visit-tag-regexp"": ""1"", ""view-tag-big-data"": ""1"", ""visit-tag-parsing"": ""1"", ""view-tag-javascript"": ""1"", ""view-tag-for-beginners"": ""1"", ""visit-tag-for-beginners"": ""1""}",RU,ru
Yes,2017-10-16 10:47:11.405839,Web Push (Chrome),Win32 61,03f11bfe-a473-436d-9516-fde2dfb59a,"{""posts-read"": ""2539"", ""read-tag-web"": ""1"", ""view-tag-web"": ""1"", ""posts-visited"": ""2539"", ""read-tag-html"": ""1"", ""view-tag-html"": ""1"", ""visit-tag-web"": ""1"", ""visit-tag-html"": ""1"", ""read-tag-javascript"": ""1"", ""view-tag-javascript"": ""1"", ""visit-tag-javascript"": ""1""}",RU,ru
No,2017-08-30 15:38:14.812189,Web Push (Chrome),Win32 Chrome 60,04c84735-c4d5-46eb-95ed-d43826a114,"{""view-tag-javascript"": ""8""}",RU,en
No,2016-10-07 12:26:55.034289,Web Push (Chrome),Win32 Yandex Browser 16.11,05d4a107-866f-4eb8-aa8d-10c5610418,"{""posts-visited"": ""8389"", ""view-tag-algorithms"": ""1"", ""visit-tag-algorithms"": ""1"", ""view-tag-for-beginners"": ""1"", ""visit-tag-for-beginners"": ""1"", ""view-tag-algos-and-data-structs"": ""1"", ""visit-tag-algos-and-data-structs"": ""1""}",RU,en
No,2017-11-07 07:17:31.105495,Web Push (Chrome),Win32 62,0c17b7ea-4890-4d6b-bf2a-462dbbc6e4,"{""posts-read"": ""52306,54150"", ""read-tag-web"": ""1"", ""view-tag-web"": ""1"", ""posts-visited"": ""52306,54150"", ""visit-tag-web"": ""1"", ""view-tag-windows"": ""1"", ""read-tag-telegram"": ""1"", ""view-tag-security"": ""1"", ""view-tag-telegram"": ""1"", ""view-tag-microsoft"": ""1"", ""visit-tag-telegram"": ""1""}",UA,ru
Yes,2018-03-20 13:45:30.533635,Web Push (Chrome),Win32 64,0ebca71b-a64e-4fe9-8470-138d1cd388,"{""posts-read"": ""68022"", ""read-tag-253"": ""1"", ""view-tag-253"": ""1"", ""posts-visited"": ""68022,63151"", ""visit-tag-253"": ""1"", ""read-tag-telegram"": ""1"", ""view-tag-telegram"": ""1"", ""view-tag-partnered"": ""1"", ""visit-tag-telegram"": ""1"", ""view-tag-blockchain"": ""1"", ""visit-tag-partnered"": ""1"", ""visit-tag-blockchain"": ""1""}",KZ,ru
Yes,2017-10-27 06:48:09.386121,Web Push (Chrome),Linux aarch64 Chrome 61,07e78d9b-3750-4fbf-8366-aa42b91a28,"{""posts-read"": ""53246"", ""posts-visited"": ""53246"", ""read-tag-google"": ""1"", ""view-tag-google"": ""1"", ""read-tag-android"": ""1"", ""view-tag-android"": ""1"", ""visit-tag-google"": ""1"", ""visit-tag-android"": ""1"", ""read-tag-mobiledev"": ""1"", ""view-tag-mobiledev"": ""1"", ""visit-tag-mobiledev"": ""1""}",BY,ru
Yes,2017-08-23 10:36:21.426079,Web Push (Chrome),Linux armv7l Chrome 51,029af5a1-d3b1-40cb-96a2-e5a68ffacc,"{""posts-read"": ""49416,9866,49083,51363,52108,21882,52779,51642,53621,57066,53746,57336,57323,57794,56377,57836,61762,64993"", ""read-tag-ai"": ""2"", ""read-tag-go"": ""1"", ""view-tag-ai"": ""4"", ""view-tag-go"": ""1"", ""read-tag-253"": ""1"", ""read-tag-278"": ""1"", ""read-tag-cpp"": ""1"", ""read-tag-ibm"": ""1"", ""read-tag-web"": ""1"", ""view-tag-253"": ""1"", ""view-tag-278"": ""2"", ""view-tag-cpp"": ""1"", ""view-tag-ibm"": ""1"", ""view-tag-web"": ""3"", ""visit-tag-ai"": ""3"", ""visit-tag-go"": ""1"", ""posts-visited"": ""47505,49416,49083,9866,50958,51363,22389,52108,21882,52779,51642,53621,57066,56956,53746,57336,57323,57794,56377,57836,58680,61762,64993"", ""read-tag-bots"": ""1"", ""read-tag-java"": ""1"", ""view-tag-bots"": ""1"", ""view-tag-java"": ""2"", ""visit-tag-253"": ""1"", ""visit-tag-278"": ""1"", ""visit-tag-cpp"": ""1"", ""visit-tag-ibm"": ""1"", ""visit-tag-web"": ""1"", ""read-tag-cloud"": ""1"", ""view-tag-cloud"": ""1"", ""view-tag-games"": ""3"", ""view-tag-linux"": ""2"", ""visit-tag-bots"": ""1"", ""visit-tag-java"": ""1"", ""read-tag-google"": ""2"", ""read-tag-python"": ""1"", ""view-tag-docker"": ""3"", ""view-tag-google"": ""10"", ""view-tag-python"": ""1"", ""view-tag-yandex"": ""1"", ""visit-tag-cloud"": ""1"", ""visit-tag-linux"": ""1"", ""read-tag-advices"": ""1"", ""read-tag-android"": ""2"", ""view-tag-advices"": ""1"", ""view-tag-android"": ""3"", ""view-tag-bitcoin"": ""1"", ""view-tag-node-js"": ""3"", ""view-tag-testing"": ""3"", ""visit-tag-google"": ""4"", ""visit-tag-python"": ""1"", ""read-tag-ethereum"": ""1"", ""read-tag-internet"": ""2"", ""read-tag-security"": ""2"", ""view-tag-ethereum"": ""1"", ""view-tag-hardware"": ""1"", ""view-tag-internet"": ""4"", ""view-tag-security"": ""7"", ""visit-tag-advices"": ""1"", ""visit-tag-android"": ""2"", ""read-tag-microsoft"": ""1"", ""view-tag-debugging"": ""3"", ""view-tag-microsoft"": ""2"", ""view-tag-wordpress"": ""1"", ""visit-tag-ethereum"": ""1"", ""visit-tag-hardware"": ""1"", ""visit-tag-internet"": ""2"", ""visit-tag-security"": ""4"", ""read-tag-blockchain"": ""1"", ""read-tag-internship"": ""1"", ""view-tag-blockchain"": ""4"", ""view-tag-internship"": ""1"", ""visit-tag-microsoft"": ""1"", ""visit-tag-wordpress"": ""1"", ""visit-tag-blockchain"": ""1"", ""visit-tag-internship"": ""1"", ""read-tag-for-amateurs"": ""1"", ""view-tag-for-amateurs"": ""1"", ""view-tag-raspberry-pi"": ""1"", ""read-tag-best-practice"": ""1"", ""read-tag-for-beginners"": ""1"", ""view-tag-best-practice"": ""2"", ""view-tag-for-beginners"": ""1"", ""visit-tag-for-amateurs"": ""1"", ""visit-tag-raspberry-pi"": ""1"", ""read-tag-for-motivation"": ""1"", ""read-tag-neural-network"": ""3"", ""view-tag-for-motivation"": ""1"", ""view-tag-neural-network"": ""13"", ""visit-tag-best-practice"": ""1"", ""visit-tag-for-beginners"": ""1"", ""visit-tag-for-motivation"": ""1"", ""visit-tag-neural-network"": ""4"", ""read-tag-machine-learning"": ""3"", ""view-tag-machine-learning"": ""8"", ""read-tag-learn-programming"": ""1"", ""view-tag-learn-programming"": ""2"", ""visit-tag-machine-learning"": ""5"", ""visit-tag-learn-programming"": ""1""}",RU,ru
No,2018-02-15 01:41:54.407298,Web Push (Chrome),Linux armv8l 64,03f66856-1009-4ce8-9a51-2f6d7a36c7,"{""view-tag-278"": ""1"", ""posts-visited"": ""64234"", ""visit-tag-278"": ""1"", ""view-tag-competitive-programming"": ""1"", ""visit-tag-competitive-programming"": ""1""}",RU,ru
No,2017-11-13 06:47:46.867504,Web Push (Chrome),Win32 Chrome 61,0e648b8e-7a1f-46e3-b3a6-d5ad6d2a39,"{""posts-read"": ""33020,27751,13451,6467"", ""posts-visited"": ""33020,27751,13451,6467"", ""read-tag-java"": ""4"", ""view-tag-java"": ""14"", ""visit-tag-java"": ""4"", ""read-tag-awesomo"": ""1"", ""read-tag-c-sharp"": ""1"", ""view-tag-awesomo"": ""1"", ""view-tag-c-sharp"": ""1"", ""visit-tag-awesomo"": ""1"", ""visit-tag-c-sharp"": ""1"", ""read-tag-cheatsheets"": ""1"", ""read-tag-open-source"": ""1"", ""view-tag-cheatsheets"": ""11"", ""view-tag-open-source"": ""1"", ""visit-tag-cheatsheets"": ""1"", ""visit-tag-open-source"": ""1"", ""read-tag-for-beginners"": ""1"", ""view-tag-for-beginners"": ""1"", ""visit-tag-for-beginners"": ""1"", ""view-tag-programming-languages"": ""1""}",UA,en
Yes,2017-10-16 18:26:19.081125,Web Push (Chrome),Win32 Chrome 61,0883211a-7472-4bf9-9e03-e106776519,"{""posts-visited"": ""7642"", ""view-tag-for-beginners"": ""1"", ""visit-tag-for-beginners"": ""1""}",KZ,ru
Yes,2018-02-24 10:54:37.968617,Web Push (Chrome),Linux armv8l 64,00707d3b-3771-4e3f-a283-077bdf6070,"{""posts-read"": ""64440"", ""posts-visited"": ""64440"", ""read-tag-google"": ""1"", ""view-tag-google"": ""1"", ""read-tag-android"": ""1"", ""view-tag-android"": ""1"", ""visit-tag-google"": ""1"", ""visit-tag-android"": ""1"", ""read-tag-mobiledev"": ""1"", ""view-tag-mobiledev"": ""1"", ""visit-tag-mobiledev"": ""1""}",RU,ru
Yes,2017-12-12 01:34:19.260216,Web Push (Chrome),Win32 62,05cecc4f-5a2a-4b6c-b1d3-63700cb882,"{""view-tag-job"": ""1"", ""posts-visited"": ""57396"", ""visit-tag-job"": ""1"", ""view-tag-partnered"": ""1"", ""view-tag-relocation"": ""1"", ""visit-tag-partnered"": ""1"", ""visit-tag-relocation"": ""1""}",RU,ru
No,2017-10-02 06:03:18.279751,Web Push (Chrome),Win32 Chrome 61,05555133-f590-45cc-82bd-d3caeae27a,"{""posts-read"": ""50670"", ""posts-visited"": ""50670"", ""read-tag-telegram"": ""1"", ""view-tag-telegram"": ""1"", ""visit-tag-telegram"": ""1""}",UA,ru
Yes,2018-01-26 04:23:10.311428,Web Push (Chrome),Linux aarch64 63,05be2264-0b3b-42db-8744-c21e2800f3,"{""view-tag-css"": ""1"", ""view-tag-web"": ""1"", ""posts-visited"": ""8509,37881"", ""visit-tag-css"": ""1"", ""visit-tag-web"": ""1"", ""view-tag-algorithms"": ""1"", ""visit-tag-algorithms"": ""1"", ""view-tag-for-beginners"": ""2"", ""visit-tag-for-beginners"": ""2"", ""view-tag-learn-programming"": ""1"", ""visit-tag-learn-programming"": ""1"", ""view-tag-algos-and-data-structs"": ""1"", ""visit-tag-algos-and-data-structs"": ""1""}",RU,ru
Yes,2017-09-19 14:48:19.701607,Web Push (Firefox),Linux armv8l 55,051ed3e6-8ba9-4397-9d88-bc13bb9483,"{""view-tag-cpp"": ""1"", ""view-tag-ide"": ""1"", ""posts-visited"": ""9081"", ""view-tag-practice"": ""2"", ""visit-tag-practice"": ""1"", ""view-tag-job-interview"": ""2"", ""visit-tag-job-interview"": ""1""}",RU,ru
